Timestamp,Email address,1. What task do you need to do?,2.Which course is this task for?,3.When is the task due?,4.What type of task is it?,5.How much time does this task take?,6.Which year are you studying in?,7.Where do you usually do this task?,8.What is the priority of this task?
45765.5209375,nishadevilatha@gmail.com,Assignment ,IoT,45777.0,Exam Preparation,2-3 hours,3rd year,Home,Medium
45765.5234375,nishadevilatha@gmail.com,Project,AIML,45792.0,Project,1 hour,3rd year,Home,High
45765.52376157408,thulasika005@gmail.com,Collect data for my project,Not Course Related,45769.0,Project,>3 hours,3rd year,Home,High
45765.52484953704,thulasika005@gmail.com,Assignment,Cloud Computing,45783.0,Assignment,1-2 hours,3rd year,Home,Low
45765.52570601852,thulasika005@gmail.com,Seminar,Video Editing,45768.0,Seminar Preparation,1 hour,3rd year,Home,Medium
45765.526354166665,thulasika005@gmail.com,Study oose ,OOSE,45768.0,Class Test,2-3 hours,3rd year,Home,High
45765.52711805556,thulasika005@gmail.com,Write Iot observation ,IoT,45768.0,Observation,1-2 hours,3rd year,Home and college,Medium
45765.53246527778,nishadevilatha@gmail.com,Study,Cloud Computing,45768.0,Test,1 hour,3rd year,Home,Low
45765.533159722225,nishadevilatha@gmail.com,Test,Renewable Energy,45771.0,Exam Preparation,1-2 hours,3rd year,Home,Medium
45765.53344907407,deepisaravanan26@gmail.com,Assignment,AIML,45768.0,Written Work,1 hour,2nd year,Home,Medium
45765.53428240741,nishadevilatha@gmail.com,Assignment ,Big Data Analytics,45782.0,Assignment,2-3 hours,3rd year,Home,High
45765.53741898148,deepisaravanan26@gmail.com,Study for test,Evs,45771.0,Exam Preparation,1 hour,2nd year,Home,Medium
45765.53931712963,deepisaravanan26@gmail.com,Preparation of exam,Ios,45799.0,Exam Preparation,>3 hours,2nd year,Home,Low
45765.540300925924,deepisaravanan26@gmail.com,Seminar ,TOC,45770.0,Teaching,1 hour,2nd year,Home,Medium
45765.55076388889,deepisaravanan26@gmail.com,Schedule timetable,DBMS,45770.0,Exam Preparation,30 min,2nd year,Home,Medium
45765.571863425925,thilbarnisha.0521@gmail.com,Assignment,TOC,45777.0,Assignment,1-2 hours,2nd year,Home,Medium
45765.57310185185,thilbarnisha.0521@gmail.com,Assignment ,Ios,45770.0,Quiz Preparation,1 hour,2nd year,Home,High
45765.573587962965,thilbarnisha.0521@gmail.com, Study,AIML,45783.0,Exam Preparation,2-3 hours,2nd year,Home,High
45765.57402777778,thilbarnisha.0521@gmail.com,Study ,Algorithm,45785.0,Exam Preparation,>3 hours,2nd year,Home,High
45765.574791666666,thilbarnisha.0521@gmail.com,Project ,Python,45808.0,Project,>3 hours,2nd year,Home and college,High
45765.5865625,afifah.cse@gmail.com,Assignment,DBMS,45768.0,Written Work,1 hour,2nd year,Home,Medium
45765.58739583333,afifah.cse@gmail.com,Seminar,Ios,45768.0,Preparation,1-2 hours,2nd year,Home,Medium
45765.58799768519,afifah.cse@gmail.com,Exam,TOC,45768.0,Exam Preparation,>3 hours,2nd year,Home,Medium
45765.66017361111,mahalakshmi.rmmh@gmail.com,For preparing aptitude question,Mathematics,45770.0,Quiz Preparation,1-2 hours,3rd year,Home,High
45765.66369212963,mahalakshmi.rmmh@gmail.com,For analysing datasets in health care sector in big data analytics course,CSE,45769.0,Assignment,1 hour,3rd year,Home and college,High
45765.663831018515,ghanashree2005@gmail.com,Assignment ,IoT,45766.0,Exam Preparation,1 hour,3rd year,Home,Medium
45765.66473379629,mahalakshmi.rmmh@gmail.com,To draw ER diagram for building my application,DBMS,45773.0,Project,1-2 hours,2nd year,Home and college,Medium
45765.66483796296,ghanashree2005@gmail.com,Seminar,OOSE,45773.0,Exam Preparation,1-2 hours,3rd year,Home,High
45765.66553240741,ghanashree2005@gmail.com,Test,Cloud Computing,45777.0,Exam Preparation,1 hour,3rd year,Home,High
45765.666354166664,mahalakshmi.rmmh@gmail.com,I want to start blog or youtube channel,Video Editing,45777.0,Short Film,>3 hours,3rd year,Home,Low
45765.66737268519,mahalakshmi.rmmh@gmail.com,I want to create a portfolio,CSE,45767.0,Placement Preparation,1 hour,4th year,Home and college,High
45765.81528935185,faaisabarveen@gmail.com,Project ,Javascript,45933.0,Project,>3 hours,2nd year,Home,High
45766.83550925926,vishnupriyagopinathan2005@gmail.com,Generate notes,App Development,45782.0,Project,2-3 hours,3rd year,Home,Medium
45766.83607638889,vishnupriyagopinathan2005@gmail.com,Assignment ,IoT,45768.0,Exam Preparation,2-3 hours,3rd year,Home,Medium
45766.83658564815,vishnupriyagopinathan2005@gmail.com,Quiz preparations ,Renewable Energy,45769.0,Quiz Preparation,1-2 hours,3rd year,Home,Medium
45766.84793981481,sobanaannadurai05@gmail.com,Assignment ,Cloud Computing,45779.0,Assignment,2-3 hours,3rd year,Home,High
45768.75880787037,sobanaannadurai05@gmail.com,Project ,Not Course Related,45782.0,Project,>3 hours,3rd year,Home,High
45768.7602662037,sobanaannadurai05@gmail.com,Study ,IoT,45769.0,Exam Preparation,>3 hours,3rd year,Home,Medium
45768.76096064815,sobanaannadurai05@gmail.com,Study ,Cloud Computing,45770.0,Exam Preparation,>3 hours,3rd year,Home,Medium
45768.76180555556,sobanaannadurai05@gmail.com,Prepare ,Not Course Related,45769.0,Quiz Preparation,2-3 hours,3rd year,Home and college,Low
45768.763703703706,sathanasathu685@gmail.com,Any task,It,45768.0,Project,30 min,3rd year,Home,Medium
45768.766180555554,sathanasathu685@gmail.com,Develop a project ,CSE,45768.0,Project,30 min,3rd year,Home,Low
45768.766689814816,sathanasathu685@gmail.com,App dev,AIML,45768.0,Project,1 hour,3rd year,Home,Low
45768.767118055555,sathanasathu685@gmail.com,App dev,CSE,45768.0,Project,1 hour,3rd year,Home,Medium
45768.767430555556,sathanasathu685@gmail.com,App dev,It,45768.0,Project,1 hour,3rd year,Home,Medium
45768.774189814816,subhavathi0705@gmail.com,College event notifications  ,Mobile Application Development,45777.0,Quiz Preparation,1 hour,3rd year,Home,Medium
45778.84512731482,nishadevilatha@gmail.com,Assignment ,Cloud Computing,45786.0,Assignment,2-3 hours,3rd year,Home,Medium
45778.845972222225,nishadevilatha@gmail.com,Test,IoT,45782.0,Exam Preparation,>3 hours,3rd year,Home,High
45778.8465625,nishadevilatha@gmail.com,Project,Renewable Energy,45784.0,Project,2-3 hours,3rd year,Home,High
45765.0,thulasika005@gmail.com,Assignment,IoT,45776.0,Written Work,1-2 hours,3rd year,Home and college,Medium
45765.0,thulasika005@gmail.com,Assignment,Cloud Computing,45783.0,Written Work,1-2 hours,3rd year,Home and college,Low
45765.0,thulasika005@gmail.com,Assignment,Big Data Analytics,45782.0,Written Work,1-2 hours,3rd year,Home and college,Low
45765.0,thulasika005@gmail.com,study ,OOSE,45768.0,Class Test,2-3 hours,3rd year,Home,High
45765.0,thulasika005@gmail.com,seminar,Video Editing,45768.0,Seminar Preparation,1 hour,3rd year,Home,High
45765.0,thulasika005@gmail.com,seminar,Renewable Energy,45769.0,Seminar Preparation,1 hour,3rd year,Home,Medium
45766.0,thulasika005@gmail.com,seminar,Game Development,45770.0,Seminar Preparation,1-2 hours,3rd year,Home,Medium
45766.0,thulasika005@gmail.com,collect dataset ,Not Course Related,45770.0,Project,>3 hours,3rd year,Home and college,Medium
45766.0,thulasika005@gmail.com,train model,Not Course Related,45771.0,Project,>3 hours,3rd year,Home and college,Low
45766.0,thulasika005@gmail.com,create code for project,Not Course Related,45772.0,Project,>3 hours,3rd year,Home and college,Low
45767.0,thulasika005@gmail.com,prepare for placement ,Not Course Related,45773.0,Placement Preparation,2-3 hours,3rd year,Home and college,Low
45767.0,thulasika005@gmail.com,aptitude,Not Course Related,45773.0,Placement Preparation,2-3 hours,3rd year,Home and college,Low
45768.0,thulasika005@gmail.com,aptitude,Not Course Related,45774.0,Placement Preparation,2-3 hours,3rd year,Home and college,Low
45769.0,thulasika005@gmail.com,study for unit test,Cloud Computing,45793.0,Exam Preparation,>3 hours,3rd year,Home,Low
45770.0,thulasika005@gmail.com,study for unit test,Renewable Energy,45794.0,Exam Preparation,>3 hours,3rd year,Home,Low
45771.0,thulasika005@gmail.com,study for unit test,Big Data Analytics,45795.0,Exam Preparation,>3 hours,3rd year,Home,Low
45772.0,thulasika005@gmail.com,study for unit test,IoT,45796.0,Exam Preparation,>3 hours,3rd year,Home,Low
45773.0,thulasika005@gmail.com,study for unit test,OOSE,45796.0,Exam Preparation,>3 hours,3rd year,Home,Low
45774.0,thulasika005@gmail.com,study for unit test,Video Editing,45796.0,Exam Preparation,>3 hours,3rd year,Home,Low
45775.0,thulasika005@gmail.com,collect dataset for aptitude,Not Course Related,45783.0,Project,>3 hours,3rd year,Home and college,Low
45775.0,thulasika005@gmail.com,collect dataset for reasoning,Not Course Related,45783.0,Project,>3 hours,3rd year,Home and college,Low
45775.0,thulasika005@gmail.com,collect dataset for coding,Not Course Related,45784.0,Project,>3 hours,3rd year,Home and college,Low
45775.0,thulasika005@gmail.com,collect dataset for quiz preparation,Not Course Related,45784.0,Project,>3 hours,3rd year,Home and college,Low
45775.0,thulasika005@gmail.com,search story,Video Editing,45793.0,Short Film,>3 hours,3rd year,Home and college,Low
45756.324849537035,williamskyle@example.com,Study,Cloud Computing,45798.39076388889,Exam Preparation,>3 hours,3rd year,Home,Medium
45764.21517361111,kgray@example.com,Study,Renewable Energy,45786.907060185185,Test,>3 hours,2nd year,Home and college,Medium
45752.618310185186,jacquelinefischer@example.com,Collect dataset,AIML,45806.83380787037,Exam Preparation,1 hour,3rd year,Home and college,Medium
45750.172326388885,natasha50@example.net,Project,It,45805.37532407408,Written Work,1 hour,2nd year,Home,Medium
45759.07653935185,robert93@example.net,Prepare,DBMS,45792.960381944446,Placement Preparation,1 hour,3rd year,Home,Medium
45753.0141087963,douglaskey@example.net,Study,IoT,45789.509409722225,Exam Preparation,>3 hours,3rd year,Home and college,Medium
45755.46549768518,anabrown@example.org,Assignment,Ios,45787.59747685185,Seminar Preparation,1 hour,2nd year,Home and college,Medium
45772.32266203704,williamsmith@example.org,Collect dataset,Evs,45796.70303240741,Class Test,1-2 hours,3rd year,Home,Medium
45777.310069444444,bstevens@example.net,Study,DBMS,45782.763715277775,Seminar Preparation,>3 hours,3rd year,Home,Medium
45771.226006944446,bshaw@example.net,Collect dataset,Not Course Related,45803.71927083333,Project,2-3 hours,3rd year,Home and college,Medium
45750.11020833333,sanchezstephanie@example.com,Collect dataset,Not Course Related,45808.900405092594,Exam Preparation,2-3 hours,3rd year,Home,Medium
45775.20385416667,martinezjennifer@example.net,Prepare,AIML,45792.29074074074,Project,1 hour,3rd year,Home,Medium
45769.678136574075,cmoreno@example.net,Assignment,Renewable Energy,45780.67585648148,Exam Preparation,2-3 hours,3rd year,Home and college,Medium
45759.2478125,brownreginald@example.net,Project,AIML,45793.92875,Quiz Preparation,>3 hours,3rd year,Home,Medium
45769.409791666665,courtney53@example.com,Assignment,Video Editing,45804.15912037037,Project,1-2 hours,3rd year,Home,Medium
45749.683344907404,nielsendavid@example.org,Study,Video Editing,45783.17784722222,Assignment,1-2 hours,2nd year,Home and college,Medium
45752.00769675926,russell30@example.net,Seminar,IoT,45808.02916666667,Exam Preparation,1 hour,2nd year,Home,Medium
45770.892476851855,kathryn42@example.com,Project,TOC,45800.074166666665,Project,>3 hours,3rd year,Home and college,Medium
45774.62778935185,mterrell@example.com,Assignment,Python,45784.49638888889,Exam Preparation,1 hour,3rd year,Home,Medium
45752.14502314815,jade94@example.com,Project,Cloud Computing,45801.398148148146,Written Work,1-2 hours,3rd year,Home,Medium
45756.79274305556,michele67@example.net,Collect dataset,Mobile Application Development,45782.67282407408,Seminar Preparation,>3 hours,3rd year,Home,Medium
45756.81333333333,lisa21@example.net,Seminar,DBMS,45802.10119212963,Exam Preparation,1 hour,3rd year,Home,Medium
45769.956921296296,bnicholson@example.com,Seminar,Not Course Related,45798.570752314816,Assignment,>3 hours,3rd year,Home,Medium
45767.126539351855,stanleyfrank@example.org,Collect dataset,Cloud Computing,45803.13884259259,Written Work,>3 hours,3rd year,Home,Medium
45769.020590277774,jordan16@example.net,Project,Cloud Computing,45801.695914351854,Exam Preparation,>3 hours,3rd year,Home,Medium
45751.71199074074,tammy24@example.org,Project,DBMS,45809.02664351852,Exam Preparation,2-3 hours,2nd year,Home and college,Medium
45761.179189814815,mlynch@example.net,Project,Renewable Energy,45801.97243055556,Seminar Preparation,>3 hours,3rd year,Home and college,Medium
45773.974907407406,moorecharles@example.net,Seminar,DBMS,45798.51672453704,Exam Preparation,1 hour,3rd year,Home,Medium
45777.672372685185,kurt11@example.com,Prepare,IoT,45798.70924768518,Project,2-3 hours,3rd year,Home,Medium
45757.492268518516,fisherstephanie@example.net,Study,Not Course Related,45800.22226851852,Project,2-3 hours,3rd year,Home,Medium
45772.56728009259,lovekathleen@example.com,Study,Not Course Related,45796.562743055554,Exam Preparation,>3 hours,2nd year,Home,Medium
45759.64818287037,wilsonjames@example.net,Assignment,DBMS,45779.847025462965,Exam Preparation,1 hour,3rd year,Home,Medium
45779.490324074075,markssarah@example.com,Collect dataset,Video Editing,45780.446018518516,Exam Preparation,1 hour,2nd year,Home,Medium
45771.739016203705,richardhernandez@example.net,Project,CSE,45794.58634259259,Exam Preparation,2-3 hours,2nd year,Home,Medium
45750.64262731482,antonio72@example.com,Project,IoT,45780.770150462966,Exam Preparation,1 hour,3rd year,Home and college,Medium
45764.0078587963,valenzuelamarco@example.org,Study,AIML,45789.04971064815,Project,1-2 hours,3rd year,Home,Medium
45758.88528935185,christopher35@example.org,Project,Renewable Energy,45792.53340277778,Exam Preparation,>3 hours,2nd year,Home and college,Medium
45763.70138888889,belllindsey@example.com,Seminar,Evs,45795.3584375,Assignment,>3 hours,3rd year,Home,Medium
45754.62299768518,gardnertimothy@example.com,Assignment,AIML,45807.01751157407,Project,>3 hours,3rd year,Home and college,Medium
45775.68591435185,xryan@example.com,Study,AIML,45801.51621527778,Project,1-2 hours,3rd year,Home,Medium
45773.09385416667,jennawagner@example.org,Collect dataset,Not Course Related,45786.05819444444,Project,1 hour,3rd year,Home,Medium
45755.89592592593,christinehall@example.net,Prepare,Ios,45799.97591435185,Project,2-3 hours,3rd year,Home,Medium
45778.31203703704,aolson@example.net,Prepare,Video Editing,45798.70425925926,Quiz Preparation,2-3 hours,3rd year,Home,Medium
45765.16123842593,csmith@example.net,Study,IoT,45780.03078703704,Seminar Preparation,1 hour,3rd year,Home,Medium
45778.29929398148,ashleyyork@example.org,Project,IoT,45809.46026620371,Written Work,2-3 hours,3rd year,Home and college,Medium
45776.16787037037,elizabethcaldwell@example.com,Assignment,Not Course Related,45796.671122685184,Exam Preparation,2-3 hours,3rd year,Home,Medium
45761.86746527778,marcuswright@example.net,Seminar,Mathematics,45791.52174768518,Assignment,>3 hours,3rd year,Home and college,Medium
45758.733136574076,clarktiffany@example.com,Collect dataset,Big Data Analytics,45793.97837962963,Project,1-2 hours,3rd year,Home and college,Medium
45774.24866898148,chadthomas@example.org,Project,IoT,45790.935266203705,Placement Preparation,2-3 hours,3rd year,Home,Medium
45771.156493055554,keycynthia@example.net,Seminar,OOSE,45808.253657407404,Exam Preparation,1 hour,3rd year,Home,Medium
45764.79420138889,talvarado@example.org,Collect dataset,DBMS,45794.461388888885,Project,1 hour,3rd year,Home,Medium
45751.31763888889,michellehamilton@example.org,Seminar,TOC,45782.87962962963,Project,2-3 hours,3rd year,Home,Medium
45749.90180555556,valeriesandoval@example.org,Assignment,IoT,45785.48783564815,Project,>3 hours,3rd year,Home,Medium
45769.871979166666,angelica84@example.com,Project,Not Course Related,45789.56298611111,Project,2-3 hours,3rd year,Home,Medium
45758.40363425926,hunterlori@example.com,Seminar,Mathematics,45781.22143518519,Project,1 hour,3rd year,Home,Medium
45776.18208333333,mwatts@example.org,Assignment,Renewable Energy,45805.26903935185,Exam Preparation,1-2 hours,3rd year,Home,Medium
45757.55400462963,obaker@example.net,Assignment,CSE,45792.53423611111,Project,1-2 hours,3rd year,Home,Medium
45766.36251157407,jason77@example.org,Project,Not Course Related,45807.86796296296,Exam Preparation,1 hour,3rd year,Home and college,Medium
45764.04539351852,ashley60@example.org,Assignment,Javascript,45782.86827546296,Project,>3 hours,2nd year,Home and college,Medium
45755.05611111111,tnguyen@example.com,Seminar,Not Course Related,45787.03009259259,Placement Preparation,>3 hours,3rd year,Home,Medium
45758.75974537037,castillomatthew@example.org,Study,Not Course Related,45789.87571759259,Class Test,1-2 hours,3rd year,Home,Medium
45755.43,dianegarcia@example.org,Seminar,Video Editing,45807.40280092593,Seminar Preparation,1 hour,3rd year,Home,Medium
45767.68523148148,tracey24@example.net,Study,TOC,45800.46943287037,Quiz Preparation,>3 hours,3rd year,Home,Medium
45763.65445601852,jcox@example.org,Seminar,Video Editing,45786.03675925926,Exam Preparation,2-3 hours,2nd year,Home,Medium
45759.61173611111,ncooper@example.com,Assignment,Not Course Related,45782.89204861111,Exam Preparation,1 hour,3rd year,Home,Medium
45773.13447916666,michellehall@example.org,Collect dataset,IoT,45786.63821759259,Assignment,2-3 hours,3rd year,Home,Medium
45764.66767361111,eholmes@example.org,Project,IoT,45800.29114583333,Project,2-3 hours,4th year,Home and college,Medium
45757.15076388889,codymccullough@example.com,Collect dataset,Renewable Energy,45800.92628472222,Project,>3 hours,3rd year,Home and college,Medium
45753.62258101852,zbean@example.com,Prepare,AIML,45809.289606481485,Written Work,>3 hours,3rd year,Home,Medium
45750.97069444445,awolfe@example.net,Project,Video Editing,45780.57853009259,Test,>3 hours,2nd year,Home,Medium
45778.885300925926,taraperry@example.org,Assignment,Not Course Related,45785.67244212963,Project,>3 hours,2nd year,Home,Medium
45755.37604166667,erik05@example.org,Project,Evs,45789.057708333334,Project,>3 hours,3rd year,Home,Medium
45756.19449074074,kevinduncan@example.org,Collect dataset,Not Course Related,45793.1955787037,Seminar Preparation,1 hour,3rd year,Home,Medium
45753.225277777776,crystalpeters@example.org,Seminar,Not Course Related,45795.50493055556,Project,2-3 hours,3rd year,Home,Medium
45753.058483796296,qvasquez@example.com,Seminar,OOSE,45790.835694444446,Exam Preparation,1 hour,3rd year,Home,Medium
45758.95747685185,teverett@example.com,Seminar,TOC,45782.944560185184,Placement Preparation,1 hour,2nd year,Home,Medium
45755.537673611114,kellyking@example.net,Study,IoT,45798.54180555556,Exam Preparation,>3 hours,3rd year,Home and college,Medium
45773.97230324074,abigail91@example.net,Collect dataset,Python,45802.45259259259,Project,>3 hours,2nd year,Home,Medium
45758.84842592593,alexandra57@example.org,Assignment,Renewable Energy,45802.62501157408,Assignment,30 min,3rd year,Home,Medium
45771.09577546296,hgarza@example.org,Study,IoT,45783.90856481482,Exam Preparation,1 hour,3rd year,Home,Medium
45768.42496527778,erikabradley@example.net,Collect dataset,Not Course Related,45804.74240740741,Project,2-3 hours,3rd year,Home and college,Medium
45774.999074074076,jonesapril@example.org,Assignment,Not Course Related,45801.485925925925,Observation,2-3 hours,3rd year,Home and college,Medium
45772.249375,scott66@example.net,Assignment,Renewable Energy,45808.65981481481,Observation,>3 hours,2nd year,Home,Medium
45753.809849537036,jcarter@example.org,Study,IoT,45800.009108796294,Exam Preparation,>3 hours,3rd year,Home,Medium
45761.634108796294,benjamingarcia@example.net,Project,OOSE,45804.883726851855,Exam Preparation,>3 hours,2nd year,Home,Medium
45770.35496527778,emeyer@example.net,Project,OOSE,45788.23017361111,Exam Preparation,>3 hours,3rd year,Home and college,Medium
45754.47201388889,ronald37@example.net,Collect dataset,Not Course Related,45804.39958333333,Project,>3 hours,3rd year,Home,Medium
45759.792604166665,tmaldonado@example.org,Assignment,IoT,45790.97524305555,Project,1-2 hours,3rd year,Home and college,Medium
45777.81623842593,brycerobinson@example.net,Study,Not Course Related,45781.46265046296,Exam Preparation,1-2 hours,3rd year,Home and college,Medium
45774.54451388889,brubio@example.com,Assignment,OOSE,45807.86219907407,Placement Preparation,>3 hours,3rd year,Home and college,Medium
45754.780798611115,peter30@example.com,Assignment,OOSE,45782.12263888889,Short Film,>3 hours,3rd year,Home,Medium
45764.55290509259,joshua36@example.org,Seminar,AIML,45798.64892361111,Project,1 hour,3rd year,Home,Medium
45767.183171296296,ypearson@example.net,Prepare,CSE,45783.924259259256,Project,>3 hours,3rd year,Home and college,Medium
45778.459386574075,lowekristen@example.net,Assignment,Ios,45794.01023148148,Project,2-3 hours,3rd year,Home and college,Medium
45770.9447337963,snovak@example.org,Assignment,Python,45783.76792824074,Project,2-3 hours,3rd year,Home,Medium
45762.03775462963,kelsey24@example.net,Prepare,Not Course Related,45808.919375,Exam Preparation,>3 hours,2nd year,Home,Medium
45759.32534722222,patricia81@example.org,Prepare,Big Data Analytics,45808.52006944444,Placement Preparation,2-3 hours,3rd year,Home and college,Low
45765.039502314816,jenniferstewart@example.net,Study,Video Editing,45804.44646990741,Exam Preparation,>3 hours,3rd year,Home and college,Low
45759.86071759259,rileywilliam@example.com,Study,AIML,45805.802835648145,Class Test,2-3 hours,3rd year,Home and college,Low
45779.41961805556,welchamanda@example.org,Seminar,Mobile Application Development,45797.45167824074,Exam Preparation,>3 hours,2nd year,Home,Low
45774.55440972222,westalex@example.net,Collect dataset,IoT,45801.70166666667,Project,2-3 hours,3rd year,Home,Low
45772.85246527778,isexton@example.net,Seminar,TOC,45794.80774305556,Exam Preparation,1-2 hours,3rd year,Home,Low
45757.047476851854,lesterangela@example.org,Collect dataset,AIML,45787.612175925926,Quiz Preparation,>3 hours,3rd year,Home,Low
45750.25067129629,catherinemartin@example.net,Prepare,CSE,45783.60591435185,Project,2-3 hours,3rd year,Home,Low
45769.271261574075,morrisalicia@example.org,Study,Video Editing,45782.59523148148,Exam Preparation,2-3 hours,3rd year,Home,Low
45765.925416666665,dwest@example.org,Prepare,Algorithm,45802.29318287037,Project,>3 hours,3rd year,Home,Low
45759.87670138889,garciabeth@example.com,Assignment,Cloud Computing,45795.93708333333,Project,2-3 hours,3rd year,Home,Low
45769.919490740744,michaelhubbard@example.org,Project,OOSE,45792.17049768518,Assignment,>3 hours,3rd year,Home,Low
45769.7762037037,pamela69@example.org,Prepare,It,45781.54903935185,Project,>3 hours,3rd year,Home,Low
45753.04436342593,frostdouglas@example.org,Study,Video Editing,45792.93407407407,Project,1-2 hours,2nd year,Home,Low
45763.95824074074,donnahunt@example.net,Project,Not Course Related,45808.19490740741,Exam Preparation,1 hour,2nd year,Home and college,Low
45778.921006944445,juarezjohn@example.net,Prepare,Javascript,45797.77825231481,Quiz Preparation,1-2 hours,3rd year,Home,Low
45773.5519212963,hporter@example.net,Prepare,CSE,45809.61988425926,Exam Preparation,>3 hours,3rd year,Home,Low
45755.19038194444,ncantu@example.net,Assignment,Algorithm,45796.520474537036,Written Work,1 hour,3rd year,Home,Low
45769.40380787037,emily13@example.org,Project,Javascript,45784.69633101852,Exam Preparation,1 hour,2nd year,Home,Low
45770.10568287037,ashley80@example.net,Study,App Development,45808.250972222224,Exam Preparation,>3 hours,3rd year,Home,Low
45760.748240740744,csmith@example.com,Prepare,Video Editing,45796.26452546296,Project,2-3 hours,3rd year,Home,Low
45756.244618055556,hutchinsoncourtney@example.net,Study,TOC,45807.78533564815,Assignment,1 hour,2nd year,Home,Low
45762.556863425925,sking@example.com,Collect dataset,IoT,45796.623935185184,Exam Preparation,2-3 hours,3rd year,Home and college,Low
45760.53737268518,ann46@example.net,Project,IoT,45798.67003472222,Exam Preparation,1-2 hours,3rd year,Home,Low
45763.07467592593,adrian23@example.org,Assignment,AIML,45793.91866898148,Exam Preparation,30 min,3rd year,Home,Low
45779.414247685185,jamie14@example.com,Project,Not Course Related,45791.82302083333,Assignment,>3 hours,3rd year,Home,Low
45761.904340277775,orrmichael@example.net,Seminar,Video Editing,45791.16165509259,Project,1 hour,3rd year,Home,Low
45764.54491898148,orussell@example.com,Seminar,Not Course Related,45787.61001157408,Observation,2-3 hours,3rd year,Home,Low
45751.57329861111,heathermills@example.org,Study,OOSE,45800.20459490741,Exam Preparation,2-3 hours,2nd year,Home,Low
45757.06628472222,curtishouston@example.org,Study,Not Course Related,45808.865011574075,Class Test,>3 hours,3rd year,Home,Low
45755.16564814815,jessicahunt@example.net,Assignment,Video Editing,45786.609456018516,Exam Preparation,1-2 hours,3rd year,Home,Low
45778.74831018518,oliverstacy@example.com,Study,Not Course Related,45804.47405092593,Exam Preparation,1 hour,2nd year,Home,Low
45777.58452546296,zgiles@example.com,Project,CSE,45783.921793981484,Test,1-2 hours,3rd year,Home,Low
45775.4028587963,keith25@example.org,Project,Cloud Computing,45786.464004629626,Exam Preparation,>3 hours,3rd year,Home and college,Low
45760.86871527778,eugene76@example.org,Seminar,Renewable Energy,45793.60599537037,Seminar Preparation,1 hour,3rd year,Home,Low
45777.56009259259,cobbelaine@example.net,Project,Not Course Related,45807.77611111111,Placement Preparation,30 min,3rd year,Home and college,Low
45766.58373842593,theresa05@example.net,Project,TOC,45783.7428125,Exam Preparation,>3 hours,3rd year,Home,Low
45776.7625,kingnicole@example.net,Seminar,Game Development,45781.77258101852,Exam Preparation,1 hour,3rd year,Home and college,Low
45751.68,ymartinez@example.com,Study,Not Course Related,45808.59622685185,Quiz Preparation,>3 hours,3rd year,Home,Low
45774.04498842593,calhountodd@example.net,Assignment,AIML,45809.449953703705,Written Work,>3 hours,2nd year,Home,Low
45751.49748842593,gerald69@example.com,Assignment,AIML,45795.82644675926,Project,>3 hours,3rd year,Home,Low
45761.44978009259,walkermarcus@example.net,Collect dataset,Renewable Energy,45789.04172453703,Exam Preparation,2-3 hours,3rd year,Home and college,Low
45752.072604166664,fabbott@example.com,Project,Cloud Computing,45790.895266203705,Quiz Preparation,1 hour,3rd year,Home and college,Low
45766.5609837963,kayla07@example.org,Assignment,Video Editing,45787.369791666664,Seminar Preparation,>3 hours,3rd year,Home and college,Low
45775.36530092593,bethavila@example.org,Collect dataset,TOC,45800.21503472222,Project,1-2 hours,3rd year,Home,Low
45777.80075231481,vickie21@example.com,Seminar,OOSE,45787.55079861111,Teaching,>3 hours,3rd year,Home,Low
45769.99451388889,mahoneynicole@example.org,Prepare,OOSE,45788.490219907406,Teaching,30 min,3rd year,Home,Low
45750.91956018518,knightricky@example.com,Study,App Development,45796.207650462966,Exam Preparation,>3 hours,3rd year,Home,Low
45755.764872685184,erodriguez@example.net,Seminar,Mobile Application Development,45789.29486111111,Exam Preparation,1 hour,3rd year,Home,Low
45764.255428240744,pricedanielle@example.com,Project,Mobile Application Development,45784.26028935185,Project,>3 hours,3rd year,Home,Low
45754.242731481485,amberrodriguez@example.org,Seminar,IoT,45809.51354166667,Quiz Preparation,2-3 hours,3rd year,Home,Low
45770.3609375,natasha02@example.net,Prepare,Not Course Related,45787.71283564815,Class Test,>3 hours,3rd year,Home,Low
45769.69662037037,gparrish@example.net,Assignment,OOSE,45799.97650462963,Exam Preparation,2-3 hours,3rd year,Home and college,Low
45761.26631944445,jameskelly@example.com,Study,AIML,45795.38630787037,Assignment,1 hour,3rd year,Home,Low
45762.78449074074,hughesmichelle@example.net,Project,Not Course Related,45783.24630787037,Exam Preparation,>3 hours,3rd year,Home,Low
45759.289131944446,sandra87@example.com,Project,CSE,45790.43475694444,Quiz Preparation,1 hour,3rd year,Home and college,Low
45774.49513888889,oscarchapman@example.org,Prepare,Not Course Related,45805.94704861111,Teaching,1 hour,3rd year,Home,Low
45776.18724537037,williamjohnson@example.com,Project,Cloud Computing,45797.00324074074,Preparation,1 hour,3rd year,Home,Low
45771.826585648145,leemegan@example.net,Seminar,IoT,45793.53346064815,Quiz Preparation,>3 hours,2nd year,Home,Low
45779.28229166667,gcantu@example.com,Study,Not Course Related,45790.06523148148,Exam Preparation,>3 hours,3rd year,Home,Low
45771.04314814815,heatherwatson@example.net,Collect dataset,AIML,45803.5655787037,Exam Preparation,>3 hours,3rd year,Home,Low
45750.31363425926,shawnmolina@example.org,Study,Renewable Energy,45782.47761574074,Assignment,2-3 hours,3rd year,Home and college,Low
45762.84226851852,yperez@example.org,Seminar,Cloud Computing,45790.949907407405,Quiz Preparation,1 hour,3rd year,Home,Low
45755.13895833334,wshaw@example.com,Assignment,Renewable Energy,45786.631423611114,Project,>3 hours,2nd year,Home,Low
45779.39730324074,nicholas02@example.net,Prepare,TOC,45792.90827546296,Project,1-2 hours,4th year,Home and college,Low
45752.63719907407,elizabeth10@example.org,Prepare,DBMS,45809.174849537034,Short Film,>3 hours,3rd year,Home,Low
45766.79347222222,apriljohnson@example.org,Prepare,CSE,45785.94431712963,Placement Preparation,1-2 hours,3rd year,Home and college,Low
45777.61616898148,breannamays@example.net,Collect dataset,Mathematics,45791.01917824074,Exam Preparation,2-3 hours,3rd year,Home and college,Low
45765.36479166667,edward60@example.net,Prepare,AIML,45805.129282407404,Exam Preparation,2-3 hours,2nd year,Home and college,Low
45755.172488425924,pricebrenda@example.org,Project,Cloud Computing,45796.266388888886,Assignment,1 hour,3rd year,Home,Low
45776.311273148145,heberttiffany@example.com,Collect dataset,Big Data Analytics,45805.35909722222,Placement Preparation,>3 hours,3rd year,Home and college,Low
45752.942662037036,mchurch@example.com,Prepare,Mathematics,45808.778333333335,Seminar Preparation,1-2 hours,2nd year,Home,Low
45778.329560185186,olewis@example.net,Seminar,Cloud Computing,45786.750451388885,Exam Preparation,1-2 hours,3rd year,Home,Low
45767.748344907406,daniel30@example.com,Assignment,IoT,45805.34365740741,Exam Preparation,>3 hours,3rd year,Home,Low
45770.1531712963,scampbell@example.net,Collect dataset,Video Editing,45787.913993055554,Project,2-3 hours,2nd year,Home,Low
45769.10560185185,marissabowman@example.net,Prepare,It,45804.87998842593,Written Work,>3 hours,3rd year,Home,Low
45754.01835648148,collinshannah@example.net,Assignment,It,45788.00038194445,Project,1-2 hours,2nd year,Home,Low
45753.45056712963,jandrews@example.org,Seminar,Javascript,45795.84601851852,Project,2-3 hours,2nd year,Home,Low
45758.722592592596,thomas10@example.net,Collect dataset,Ios,45791.17037037037,Quiz Preparation,1 hour,3rd year,Home,Low
45779.21287037037,candace57@example.org,Project,Renewable Energy,45789.124293981484,Exam Preparation,2-3 hours,2nd year,Home,Low
45771.41347222222,pamelagarcia@example.net,Assignment,DBMS,45787.93158564815,Quiz Preparation,1 hour,3rd year,Home,Low
45760.01284722222,angelaharris@example.org,Prepare,CSE,45792.053981481484,Written Work,>3 hours,3rd year,Home,Low
45765.58972222222,josephsoto@example.org,Collect dataset,App Development,45796.39917824074,Project,1 hour,2nd year,Home,Low
45758.30081018519,vasquezmark@example.net,Prepare,OOSE,45804.018912037034,Assignment,1 hour,2nd year,Home,Low
45756.40688657408,rossmario@example.org,Assignment,Not Course Related,45799.8115625,Exam Preparation,>3 hours,3rd year,Home,Low
45777.321377314816,garciajennifer@example.org,Study,Algorithm,45797.992939814816,Exam Preparation,>3 hours,3rd year,Home and college,Low
45769.955034722225,qsavage@example.org,Project,OOSE,45785.24952546296,Project,>3 hours,3rd year,Home and college,High
45771.619988425926,fwashington@example.net,Prepare,TOC,45807.61616898148,Exam Preparation,2-3 hours,3rd year,Home,High
45761.628333333334,ryanmeyers@example.org,Study,Ios,45785.17230324074,Project,>3 hours,2nd year,Home and college,High
45773.75622685185,alice63@example.com,Study,CSE,45797.6674537037,Project,1 hour,2nd year,Home,High
45771.50164351852,kellyhenderson@example.org,Study,Not Course Related,45807.37976851852,Exam Preparation,>3 hours,3rd year,Home and college,High
45775.317557870374,jasoncain@example.org,Seminar,Renewable Energy,45798.80436342592,Exam Preparation,>3 hours,3rd year,Home,High
45762.63827546296,beth86@example.com,Collect dataset,AIML,45781.97550925926,Exam Preparation,2-3 hours,3rd year,Home,High
45756.11623842592,vthompson@example.net,Collect dataset,Renewable Energy,45781.61361111111,Written Work,1-2 hours,2nd year,Home and college,High
45773.38574074074,brownrachel@example.org,Project,IoT,45802.59409722222,Observation,1-2 hours,3rd year,Home,High
45778.8140162037,mclaughlinkevin@example.org,Seminar,CSE,45807.989537037036,Project,1-2 hours,3rd year,Home,High
45749.85947916667,pchandler@example.net,Assignment,DBMS,45808.786458333336,Placement Preparation,2-3 hours,3rd year,Home,High
45761.48207175926,hjackson@example.org,Seminar,OOSE,45798.14886574074,Exam Preparation,1-2 hours,3rd year,Home,High
45753.82407407407,charlesguerrero@example.org,Study,Video Editing,45805.696550925924,Written Work,2-3 hours,3rd year,Home and college,High
45768.46844907408,smithsavannah@example.com,Prepare,Cloud Computing,45800.1328125,Seminar Preparation,1 hour,3rd year,Home and college,High
45774.80746527778,franklinwilliam@example.com,Prepare,CSE,45788.25597222222,Exam Preparation,>3 hours,3rd year,Home,High
45774.100266203706,zimmermanjoanne@example.com,Project,Renewable Energy,45808.62123842593,Project,1 hour,3rd year,Home,High
45762.03082175926,ramirezallison@example.com,Seminar,Mathematics,45793.57326388889,Project,1 hour,3rd year,Home and college,High
45767.154502314814,kellyann@example.org,Study,Renewable Energy,45781.58920138889,Class Test,2-3 hours,3rd year,Home,High
45762.37877314815,rachel46@example.net,Seminar,CSE,45803.64189814815,Exam Preparation,2-3 hours,3rd year,Home,High
45752.88133101852,riverachristina@example.com,Prepare,IoT,45781.17983796296,Exam Preparation,1 hour,2nd year,Home,High
45778.619363425925,natalie36@example.net,Seminar,Video Editing,45786.40258101852,Seminar Preparation,1-2 hours,2nd year,Home and college,High
45773.866377314815,jrodriguez@example.org,Seminar,Renewable Energy,45803.03780092593,Project,1 hour,3rd year,Home,High
45760.55877314815,spencerdavid@example.com,Prepare,DBMS,45779.907314814816,Written Work,1-2 hours,3rd year,Home and college,High
45774.87353009259,patrickmarsh@example.net,Project,Not Course Related,45791.34079861111,Exam Preparation,>3 hours,3rd year,Home,High
45766.48677083333,calebjohnson@example.com,Prepare,Not Course Related,45784.63447916666,Project,1 hour,3rd year,Home,High
45766.522731481484,parkermelanie@example.com,Project,It,45788.13358796296,Project,>3 hours,3rd year,Home and college,High
45754.06128472222,william38@example.com,Study,Cloud Computing,45799.64554398148,Exam Preparation,1-2 hours,3rd year,Home,High
45761.30584490741,lisarivera@example.org,Study,Not Course Related,45794.60008101852,Exam Preparation,30 min,3rd year,Home,High
45752.6518287037,joshuamorgan@example.net,Seminar,DBMS,45808.791979166665,Placement Preparation,1 hour,3rd year,Home and college,High
45771.65758101852,danielsbrandon@example.net,Seminar,It,45807.65107638889,Seminar Preparation,>3 hours,3rd year,Home and college,High
45761.55872685185,mclaughlinamanda@example.net,Collect dataset,AIML,45786.028958333336,Seminar Preparation,2-3 hours,3rd year,Home,High
45764.13306712963,whiterobin@example.net,Assignment,IoT,45794.303136574075,Project,1-2 hours,3rd year,Home,High
45773.51201388889,bharris@example.com,Assignment,Video Editing,45804.63452546296,Quiz Preparation,>3 hours,3rd year,Home,High
45778.41170138889,antonio58@example.org,Assignment,Cloud Computing,45796.21152777778,Short Film,30 min,2nd year,Home,High
45774.41447916667,qatkinson@example.com,Study,CSE,45804.4809837963,Observation,1-2 hours,3rd year,Home,High
45754.07270833333,michael25@example.org,Collect dataset,Not Course Related,45791.27479166666,Project,30 min,2nd year,Home,High
45758.749027777776,williambrown@example.org,Collect dataset,Not Course Related,45791.25378472222,Exam Preparation,1 hour,3rd year,Home,High
45777.048680555556,laurenpatel@example.org,Seminar,Not Course Related,45783.96618055556,Exam Preparation,>3 hours,3rd year,Home and college,High
45759.54667824074,joshuamalone@example.com,Collect dataset,IoT,45809.54474537037,Placement Preparation,2-3 hours,3rd year,Home,High
45764.55515046296,tylerthomas@example.net,Study,Not Course Related,45782.756585648145,Project,>3 hours,3rd year,Home,High
45754.65241898148,luis90@example.org,Seminar,Renewable Energy,45800.01604166667,Written Work,2-3 hours,3rd year,Home,High
45753.365902777776,eric75@example.net,Assignment,Not Course Related,45800.41769675926,Exam Preparation,30 min,2nd year,Home,High
45767.8506712963,vmurphy@example.com,Project,Cloud Computing,45805.39847222222,Exam Preparation,1 hour,3rd year,Home and college,High
45776.057754629626,mariamccarthy@example.org,Seminar,OOSE,45807.09726851852,Placement Preparation,>3 hours,2nd year,Home,High
45774.711435185185,owensfrederick@example.com,Prepare,Renewable Energy,45792.66275462963,Project,>3 hours,3rd year,Home,High
45763.78847222222,jaredmiller@example.com,Study,Python,45800.072384259256,Exam Preparation,>3 hours,2nd year,Home,High
45773.910405092596,xfernandez@example.com,Seminar,OOSE,45798.916400462964,Project,1 hour,3rd year,Home and college,High
45774.98079861111,jessicagonzalez@example.net,Prepare,Cloud Computing,45790.529328703706,Exam Preparation,>3 hours,3rd year,Home,High
45765.82424768519,lauragreen@example.com,Collect dataset,Game Development,45795.28386574074,Class Test,30 min,3rd year,Home,High
45762.88170138889,jeanettesmith@example.com,Project,OOSE,45791.295023148145,Placement Preparation,1 hour,2nd year,Home and college,High
45777.54615740741,cheyenne14@example.org,Prepare,IoT,45805.061435185184,Project,>3 hours,3rd year,Home and college,High
45750.83925925926,matthew02@example.com,Project,Not Course Related,45784.76094907407,Project,>3 hours,3rd year,Home,High
45759.74599537037,oreynolds@example.com,Study,TOC,45797.46774305555,Exam Preparation,1-2 hours,2nd year,Home,High
45749.72008101852,walkerdavid@example.com,Prepare,Not Course Related,45785.53841435185,Exam Preparation,>3 hours,3rd year,Home,High
45757.07373842593,gregbrown@example.com,Prepare,CSE,45798.61164351852,Assignment,>3 hours,3rd year,Home,High
45771.26793981482,ambernelson@example.org,Project,Video Editing,45793.46511574074,Seminar Preparation,2-3 hours,3rd year,Home,High
45778.348657407405,andrew43@example.com,Prepare,Not Course Related,45808.51824074074,Short Film,1-2 hours,2nd year,Home,High
45766.124375,mbrown@example.org,Seminar,DBMS,45787.452627314815,Assignment,1 hour,3rd year,Home and college,High
45753.04540509259,davidgordon@example.net,Assignment,Renewable Energy,45786.888344907406,Project,1-2 hours,3rd year,Home and college,High
45756.17949074074,smckenzie@example.net,Collect dataset,Not Course Related,45796.565,Quiz Preparation,1 hour,3rd year,Home,High
45755.02116898148,reedsusan@example.com,Project,Ios,45780.53865740741,Assignment,>3 hours,3rd year,Home,High
45757.74653935185,kyle60@example.org,Assignment,AIML,45805.04809027778,Placement Preparation,2-3 hours,2nd year,Home,High
45769.72725694445,williamwilkinson@example.net,Study,IoT,45800.821805555555,Seminar Preparation,2-3 hours,3rd year,Home,High
45769.81153935185,gwalsh@example.com,Seminar,TOC,45790.54056712963,Exam Preparation,1 hour,3rd year,Home,High
45763.939409722225,sethortega@example.net,Prepare,Evs,45799.42393518519,Exam Preparation,2-3 hours,3rd year,Home,High
45778.12715277778,medinacrystal@example.net,Assignment,Not Course Related,45804.205416666664,Test,>3 hours,2nd year,Home and college,High
45756.15641203704,dsmith@example.net,Collect dataset,Not Course Related,45807.215636574074,Written Work,2-3 hours,3rd year,Home,High
45779.57618055555,noah77@example.org,Project,Not Course Related,45807.797581018516,Short Film,>3 hours,2nd year,Home,High
